qustion 1: this is the 1st question,第二个问题,question 3: ,question 4: !@#$%^&*()_+-=,long question --------------------------------------------------------------------------------------------------------------------------------------------------------------------------------
pic (1).png,pic (1).png,,pic (2).png,pic (3).png
`correct,`正确答案,`correct_1,incorrect,`answer1
incorrect,错误答案1,`correct_2,incorrect-1,`answer2
incorrect_2,错误答案2,incorrect,`correct,`answer3
incorrect_3,错误答案3,incorrect_1,incorrect_2,answer4
,,incorrect_2,,answer5
,,,,answer6
